{"cameraMode":{"drawMode":0,"name":"Shaded","section":"Shading Mode"},"sceneLighting":false,"audioPlay":false,"sceneViewState":{"showFog":true,"showMaterialUpdate":false,"showSkybox":false,"showFlares":true,"showImageEffects":true,"showParticleSystems":true},"in2DMode":false,"pivot":{"x":0.17974066734313966,"y":1.9040813446044922,"z":0.24373579025268556},"rotation":{"x":0.00295247882604599,"y":0.9922972321510315,"z":-0.12147270143032074,"w":0.02411852404475212},"size":18.77219009399414,"orthographic":false}