{"cameraMode":{"drawMode":0,"name":"Shaded","section":"Shading Mode"},"sceneLighting":false,"audioPlay":false,"sceneViewState":{"showFog":true,"showMaterialUpdate":false,"showSkybox":false,"showFlares":true,"showImageEffects":true,"showParticleSystems":true},"in2DMode":false,"pivot":{"x":-2.1220216751098635,"y":4.470843315124512,"z":-2.1107568740844728},"rotation":{"x":0.015220055356621743,"y":-0.9686781764030457,"z":0.24013406038284303,"w":0.06139582395553589},"size":17.798133850097658,"orthographic":false}