{"cameraMode":{"drawMode":0,"name":"Shaded","section":"Shading Mode"},"sceneLighting":false,"audioPlay":false,"sceneViewState":{"showFog":true,"showMaterialUpdate":false,"showSkybox":false,"showFlares":true,"showImageEffects":true,"showParticleSystems":true},"in2DMode":false,"pivot":{"x":-37.06999969482422,"y":0.0,"z":11.963987350463868},"rotation":{"x":0.015220055356621743,"y":-0.9686781764030457,"z":0.24013406038284303,"w":0.06139582395553589},"size":43.718746185302737,"orthographic":false}