{"cameraMode":{"drawMode":0,"name":"Shaded","section":"Shading Mode"},"sceneLighting":false,"audioPlay":false,"sceneViewState":{"showFog":true,"showMaterialUpdate":false,"showSkybox":false,"showFlares":true,"showImageEffects":true,"showParticleSystems":true},"in2DMode":false,"pivot":{"x":7.2748847007751469,"y":1.1282057762145997,"z":-1.5266952514648438},"rotation":{"x":0.015220055356621743,"y":-0.9686781764030457,"z":0.24013406038284303,"w":0.06139582395553589},"size":11.403764724731446,"orthographic":false}