{"cameraMode":{"drawMode":0,"name":"Shaded","section":"Shading Mode"},"sceneLighting":true,"audioPlay":false,"sceneViewState":{"showFog":true,"showMaterialUpdate":false,"showSkybox":true,"showFlares":true,"showImageEffects":true,"showParticleSystems":true},"in2DMode":false,"pivot":{"x":327.40765380859377,"y":3.3075180053710939,"z":336.1386413574219},"rotation":{"x":-0.11580786854028702,"y":-0.8258749842643738,"z":0.1838146448135376,"w":-0.5203210711479187},"size":14.536272048950196,"orthographic":false}