{"cameraMode":{"drawMode":0,"name":"Shaded","section":"Shading Mode"},"sceneLighting":false,"audioPlay":false,"sceneViewState":{"showFog":true,"showMaterialUpdate":false,"showSkybox":false,"showFlares":true,"showImageEffects":true,"showParticleSystems":true},"in2DMode":false,"pivot":{"x":-0.20424878597259522,"y":0.8997915983200073,"z":0.13066458702087403},"rotation":{"x":-0.04105827957391739,"y":0.9577933549880981,"z":-0.17577433586120606,"w":-0.2237466275691986},"size":3.531313419342041,"orthographic":false}