{"cameraMode":{"drawMode":0,"name":"Shaded","section":"Shading Mode"},"sceneLighting":false,"audioPlay":false,"sceneViewState":{"showFog":true,"showMaterialUpdate":false,"showSkybox":false,"showFlares":true,"showImageEffects":true,"showParticleSystems":true},"in2DMode":false,"pivot":{"x":-0.8813247680664063,"y":2.434772491455078,"z":26.616296768188478},"rotation":{"x":-0.12863940000534059,"y":-0.7940880060195923,"z":0.18049409985542298,"w":-0.5659525990486145},"size":39.26572036743164,"orthographic":false}