{"cameraMode":{"drawMode":0,"name":"Shaded","section":"Shading Mode"},"sceneLighting":false,"audioPlay":false,"sceneViewState":{"showFog":true,"showMaterialUpdate":false,"showSkybox":false,"showFlares":true,"showImageEffects":true,"showParticleSystems":true},"in2DMode":false,"pivot":{"x":0.940544605255127,"y":0.9650537967681885,"z":3.513362407684326},"rotation":{"x":0.03517572581768036,"y":0.9606540203094482,"z":-0.14371341466903687,"w":0.23509779572486878},"size":9.594717025756836,"orthographic":false}