{"cameraMode":{"drawMode":0,"name":"Shaded","section":"Shading Mode"},"sceneLighting":false,"audioPlay":false,"sceneViewState":{"showFog":true,"showMaterialUpdate":false,"showSkybox":false,"showFlares":true,"showImageEffects":true,"showParticleSystems":true},"in2DMode":false,"pivot":{"x":0.0,"y":0.6899161338806152,"z":0.44639402627944949},"rotation":{"x":0.015220055356621743,"y":-0.9686781764030457,"z":0.24013406038284303,"w":0.06139582395553589},"size":2.2767233848571779,"orthographic":false}