{"cameraMode":{"drawMode":0,"name":"Shaded","section":"Shading Mode"},"sceneLighting":false,"audioPlay":false,"sceneViewState":{"showFog":true,"showMaterialUpdate":false,"showSkybox":false,"showFlares":true,"showImageEffects":true,"showParticleSystems":true},"in2DMode":false,"pivot":{"x":-0.15344148874282838,"y":-2.0383973121643068,"z":-0.17595291137695313},"rotation":{"x":-0.0003399116394575685,"y":-0.9967139363288879,"z":0.08091086149215698,"w":-0.004189874045550823},"size":40.80610656738281,"orthographic":false}