{"cameraMode":{"drawMode":0,"name":"Shaded","section":"Shading Mode"},"sceneLighting":false,"audioPlay":false,"sceneViewState":{"showFog":true,"showMaterialUpdate":false,"showSkybox":false,"showFlares":true,"showImageEffects":true,"showParticleSystems":true},"in2DMode":false,"pivot":{"x":-22.175085067749025,"y":2.926816463470459,"z":11.583907127380371},"rotation":{"x":-0.12863940000534059,"y":-0.7940880060195923,"z":0.18049409985542298,"w":-0.5659525990486145},"size":40.87467575073242,"orthographic":false}