{"cameraMode":{"drawMode":0,"name":"Shaded","section":"Shading Mode"},"sceneLighting":false,"audioPlay":false,"sceneViewState":{"showFog":true,"showMaterialUpdate":false,"showSkybox":false,"showFlares":true,"showImageEffects":true,"showParticleSystems":true},"in2DMode":false,"pivot":{"x":-2.678924322128296,"y":0.0015244483947753907,"z":9.480154991149903},"rotation":{"x":-0.12863940000534059,"y":-0.7940880060195923,"z":0.18049409985542298,"w":-0.5659525990486145},"size":35.039798736572269,"orthographic":false}