{"cameraMode":{"drawMode":0,"name":"Shaded","section":"Shading Mode"},"sceneLighting":false,"audioPlay":false,"sceneViewState":{"showFog":true,"showMaterialUpdate":false,"showSkybox":false,"showFlares":true,"showImageEffects":true,"showParticleSystems":true},"in2DMode":false,"pivot":{"x":-23.811565399169923,"y":1.5250616073608399,"z":14.12519645690918},"rotation":{"x":-0.12863940000534059,"y":-0.7940880060195923,"z":0.18049409985542298,"w":-0.5659525990486145},"size":78.58958435058594,"orthographic":false}