{"cameraMode":{"drawMode":0,"name":"Shaded","section":"Shading Mode"},"sceneLighting":false,"audioPlay":false,"sceneViewState":{"showFog":true,"showMaterialUpdate":false,"showSkybox":false,"showFlares":true,"showImageEffects":true,"showParticleSystems":true},"in2DMode":false,"pivot":{"x":-5.474189758300781,"y":-10.141057014465332,"z":-0.960209846496582},"rotation":{"x":-0.12863940000534059,"y":-0.7940880060195923,"z":0.18049409985542298,"w":-0.5659525990486145},"size":35.533668518066409,"orthographic":false}