{"cameraMode":{"drawMode":0,"name":"Shaded","section":"Shading Mode"},"sceneLighting":false,"audioPlay":false,"sceneViewState":{"showFog":true,"showMaterialUpdate":false,"showSkybox":false,"showFlares":true,"showImageEffects":true,"showParticleSystems":true},"in2DMode":false,"pivot":{"x":-14.656684875488282,"y":-0.7510504722595215,"z":6.572689056396484},"rotation":{"x":0.09997133165597916,"y":-0.8767292499542236,"z":0.2075936645269394,"w":0.4222078025341034},"size":16.937007904052736,"orthographic":false}